{"cameraMode":{"drawMode":0,"name":"Shaded","section":"Shading Mode"},"sceneLighting":true,"audioPlay":false,"sceneViewState":{"showFog":false,"showMaterialUpdate":true,"showSkybox":true,"showFlares":true,"showImageEffects":true,"showParticleSystems":true},"in2DMode":false,"pivot":{"x":-0.33000004291534426,"y":1.1699999570846558,"z":0.0},"rotation":{"x":-0.09089001268148422,"y":0.6257039308547974,"z":-0.07373969256877899,"w":-0.7712300419807434},"size":1.1445523500442505,"orthographic":false}