{"cameraMode":{"drawMode":0,"name":"Shaded","section":"Shading Mode"},"sceneLighting":true,"audioPlay":false,"sceneViewState":{"showFog":false,"showMaterialUpdate":true,"showSkybox":true,"showFlares":true,"showImageEffects":true,"showParticleSystems":true},"in2DMode":false,"pivot":{"x":3.4540724754333498,"y":6.865264892578125,"z":-3.6481800079345705},"rotation":{"x":-0.27554598450660708,"y":0.10270576924085617,"z":-0.029623474925756456,"w":-0.955325722694397},"size":24.35906982421875,"orthographic":false}