{"cameraMode":{"drawMode":0,"name":"Shaded","section":"Shading Mode"},"sceneLighting":false,"audioPlay":false,"sceneViewState":{"m_AlwaysRefresh":false,"showFog":true,"showSkybox":true,"showFlares":true,"showImageEffects":true,"showParticleSystems":true,"showVisualEffectGraphs":true,"m_FxEnabled":true},"in2DMode":false,"pivot":{"x":3.5424139499664308,"y":7.4559736251831059,"z":4.109964370727539},"rotation":{"x":-0.1333526074886322,"y":0.3704644739627838,"z":-0.053837958723306659,"w":-0.9176588654518127},"size":10.322040557861329,"orthographic":true}